ClassName,AntiSingleton,Blob,ClassDataShouldBePrivate,ComplexClass,LargeClass,LazyClass,LongMethod,LongParameterList,MessageChains,RefusedParentBequest,SpaghettiCode,SpeculativeGenerality,SwissArmyKnife,NumOfAPs
org.apache.hadoop.chukwa.ChukwaArchive,0.0,0.0,0.0,0.0,0.0,0.0,0.0,0.0,0.0,0.0,0.0,0.0,0.0,0.0
org.apache.hadoop.chukwa.ChukwaArchiveKey,0.4,0.0,0.05,0.05,0.0,0.0,0.0,0.05,0.0,0.0,0.0,0.0,0.0,0.45
org.apache.hadoop.chukwa.Chunk,0.0,0.0,0.0,0.0,0.0,0.0,0.0,0.0,0.0,0.0,0.0,0.0,0.0,0.0
org.apache.hadoop.chukwa.ChunkBuilder,0.25,0.0,0.25,0.0,0.0,0.0,0.0,0.0,0.0,0.0,0.0,0.0,0.0,0.25
org.apache.hadoop.chukwa.ChunkImplTest,0.0,0.0,0.0,0.0,0.0,0.0,0.0,0.0,0.0,0.0,0.0,0.0,0.0,0.0
org.apache.hadoop.chukwa.PARSEDOUBLE,0.0,0.0,0.0,0.0,0.0,0.0,0.0,0.0,0.0,0.0,0.0,0.0,0.0,0.0
org.apache.hadoop.chukwa.PigTest,0.0,0.0,0.0,0.0,0.0,0.0,0.0,0.0,0.0,0.0,0.0,0.0,0.0,0.0
org.apache.hadoop.chukwa.RecordMerger,0.0,0.0,0.0,0.0,0.0,0.0,0.0,0.0,0.0,0.0,0.0,0.0,0.0,0.0
org.apache.hadoop.chukwa.TestChunkBuilder,0.0,0.0,0.0,0.0,0.0,0.0,0.0,0.0,0.0,0.0,0.0,0.0,0.0,0.0
org.apache.hadoop.chukwa.TestParseDouble,0.0,0.0,0.0,0.0,0.0,0.0,0.0,0.0,0.0,0.0,0.0,0.0,0.0,0.0
org.apache.hadoop.chukwa.TestTimePartition,0.0,0.0,0.0,0.0,0.0,0.0,0.0,0.0,0.0,0.0,0.0,0.0,0.0,0.0
org.apache.hadoop.chukwa.TimePartition,0.0,0.0,0.0,0.0,0.0,0.0,0.0,0.0,0.0,0.0,0.0,0.0,0.0,0.0
org.apache.hadoop.chukwa.analysis.salsa.fsm.FSMBuilder,0.0,0.0,0.0,0.0,0.0,0.0,0.0,0.0,0.0,0.0,0.0,0.0,0.0,0.0
org.apache.hadoop.chukwa.analysis.salsa.fsm.FSMIntermedEntryPartitioner,0.0,0.0,0.0,1.0,0.0,0.0,0.0,0.0,0.0,0.0,0.0,0.0,0.0,1.0
org.apache.hadoop.chukwa.analysis.salsa.fsm.FSMType,1.0,0.0,0.0,0.0,0.0,0.0,0.0,1.0,0.0,0.0,0.0,0.0,0.0,1.0
org.apache.hadoop.chukwa.analysis.salsa.fsm.HDFSState,0.0,0.0,0.0,0.0,0.0,0.0,0.0,0.0,0.0,0.0,0.0,0.0,0.0,0.0
org.apache.hadoop.chukwa.analysis.salsa.fsm.JobHistoryTaskDataMapper,0.0,0.0,0.6,0.2,0.0,0.0,0.0,0.0,0.0,0.0,0.0,0.0,0.0,0.8
org.apache.hadoop.chukwa.analysis.salsa.fsm.MapRedState,1.0,0.0,0.0,0.0,0.0,0.0,0.0,1.0,0.0,0.0,0.0,0.0,0.0,1.0
org.apache.hadoop.chukwa.analysis.salsa.fsm.ParseUtilities,1.0,0.0,0.0,0.0,0.0,0.0,0.0,1.0,0.0,0.0,0.0,0.0,0.0,1.0
org.apache.hadoop.chukwa.analysis.salsa.fsm.StateType,1.0,0.0,0.0,0.0,0.0,0.0,0.0,1.0,0.0,0.0,0.0,0.0,0.0,1.0
org.apache.hadoop.chukwa.datacollection.ChunkQueue,0.0,0.0,0.0,0.0,0.0,0.0,0.0,0.0,0.0,0.0,0.0,0.0,0.0,0.0
org.apache.hadoop.chukwa.datacollection.ChunkReceiver,0.0,0.0,0.0,0.0,0.0,0.0,0.0,0.0,0.0,0.0,0.0,0.0,0.0,0.0
org.apache.hadoop.chukwa.datacollection.TestOffsetStatsManager,0.0,0.0,0.0,0.0,0.0,0.0,0.0,0.0,0.0,0.0,0.0,0.0,0.0,0.0
org.apache.hadoop.chukwa.datacollection.adaptor.AbstractAdaptor,0.38461538461538464,0.0,0.07692307692307693,0.23076923076923078,0.0,0.0,0.0,0.0,0.0,0.0,0.0,0.0,0.0,0.46153846153846156
org.apache.hadoop.chukwa.datacollection.adaptor.Adaptor,0.0,0.0,0.0,0.0,0.0,0.0,0.0,0.0,0.0,0.0,0.0,0.0,0.0,0.0
org.apache.hadoop.chukwa.datacollection.adaptor.AdaptorException,0.0,0.0,0.0,0.0,0.0,0.0,0.0,0.0,0.0,0.0,0.0,0.0,0.0,0.0
org.apache.hadoop.chukwa.datacollection.adaptor.ChukwaTestAdaptor,0.0,0.0,0.0,0.0,0.0,0.0,0.0,0.0,0.0,0.0,0.0,0.0,0.0,0.0
org.apache.hadoop.chukwa.datacollection.adaptor.DirTailingAdaptor,0.0,0.0,0.0,0.0,0.0,0.0,0.0,0.0,0.0,0.0,0.0,0.0,0.0,0.0
org.apache.hadoop.chukwa.datacollection.adaptor.FileAdaptor,0.3333333333333333,0.0,0.0,0.0,0.0,0.0,0.0,0.0,0.0,0.0,0.0,0.0,0.0,0.3333333333333333
org.apache.hadoop.chukwa.datacollection.adaptor.FileAdaptorTailer,1.0,0.0,0.0,1.0,0.0,0.0,0.0,0.0,0.0,0.0,0.0,0.0,0.0,1.0
org.apache.hadoop.chukwa.datacollection.adaptor.NotifyOnCommitAdaptor,0.0,0.0,0.0,0.0,0.0,0.0,0.0,0.0,0.0,0.0,0.0,0.0,0.0,0.0
org.apache.hadoop.chukwa.datacollection.adaptor.RegExDirTailingAdaptor,1.0,0.0,0.0,0.0,0.0,0.0,0.0,0.0,0.0,0.0,0.0,0.0,0.0,1.0
org.apache.hadoop.chukwa.datacollection.adaptor.SocketAdaptor,0.0,0.0,0.0,0.0,0.0,0.0,0.0,0.0,0.0,0.0,0.0,0.0,0.0,0.0
org.apache.hadoop.chukwa.datacollection.adaptor.TestBufferingWrappers,0.0,0.0,0.0,0.0,0.0,0.0,0.0,0.0,0.0,0.0,0.0,0.0,0.0,0.0
org.apache.hadoop.chukwa.datacollection.adaptor.TestExecAdaptor,0.0,0.0,0.0,0.0,0.0,0.0,0.0,0.0,0.0,0.0,0.0,0.0,0.0,0.0
org.apache.hadoop.chukwa.datacollection.adaptor.TestFileAdaptor,0.0,0.0,0.0,0.0,0.0,0.0,0.0,0.0,0.0,0.0,0.0,0.0,0.0,0.0
org.apache.hadoop.chukwa.datacollection.adaptor.TestSyslogAdaptor,0.0,0.0,0.0,0.0,0.0,0.0,0.0,0.0,0.0,0.0,0.0,0.0,0.0,0.0
org.apache.hadoop.chukwa.datacollection.adaptor.TestUDPAdaptor,0.0,0.0,0.0,0.0,0.0,0.0,0.0,0.0,0.0,0.0,0.0,0.0,0.0,0.0
org.apache.hadoop.chukwa.datacollection.adaptor.UDPAdaptor,0.0,0.0,0.0,0.0,0.0,0.0,0.0,0.0,0.0,0.0,0.0,0.0,0.0,0.0
org.apache.hadoop.chukwa.datacollection.adaptor.WriteaheadBuffered,0.0,0.0,0.0,0.0,0.0,0.0,0.0,0.0,0.0,0.0,0.0,0.0,0.0,0.0
org.apache.hadoop.chukwa.datacollection.adaptor.filetailer.CharFileTailingAdaptorUTF8,1.0,0.0,1.0,0.0,0.0,0.0,0.0,0.0,0.0,0.0,0.0,0.0,0.0,1.0
org.apache.hadoop.chukwa.datacollection.adaptor.filetailer.CharFileTailingAdaptorUTF8NewLineEscaped,1.0,0.0,1.0,0.0,0.0,0.0,0.0,0.0,0.0,0.0,0.0,0.0,0.0,1.0
org.apache.hadoop.chukwa.datacollection.adaptor.filetailer.FileTailer,1.0,0.0,1.0,0.0,0.0,0.0,0.0,0.0,0.0,0.0,0.0,0.0,0.0,1.0
org.apache.hadoop.chukwa.datacollection.adaptor.filetailer.FileTailingAdaptor,0.16666666666666666,0.0,0.0,0.0,0.0,0.0,0.0,0.0,0.0,0.0,0.0,0.0,0.0,0.16666666666666666
org.apache.hadoop.chukwa.datacollection.adaptor.filetailer.TerminatorThread,0.5,0.0,0.5,0.0,0.0,0.0,0.0,0.0,0.0,0.0,0.0,0.0,0.0,0.5
org.apache.hadoop.chukwa.datacollection.adaptor.filetailer.TestFileExpirationPolicy,0.0,0.0,0.0,0.0,0.0,0.0,0.0,0.0,0.0,0.0,0.0,0.0,0.0,0.0
org.apache.hadoop.chukwa.datacollection.adaptor.filetailer.TestFileTailingAdaptorBigRecord,0.0,0.0,0.0,0.0,0.0,0.0,0.0,0.0,0.0,0.0,0.0,0.0,0.0,0.0
org.apache.hadoop.chukwa.datacollection.adaptor.filetailer.TestRCheckAdaptor,0.0,0.0,0.0,0.0,0.0,0.0,0.0,0.0,0.0,0.0,0.0,0.0,0.0,0.0
org.apache.hadoop.chukwa.datacollection.adaptor.jms.JMSAdaptor,0.0,0.0,0.0,0.0,0.0,0.0,0.0,0.0,0.0,0.0,0.0,0.0,0.0,0.0
org.apache.hadoop.chukwa.datacollection.adaptor.jms.JMSMessageTransformer,0.0,0.0,0.0,0.0,0.0,0.0,0.0,0.0,0.0,0.0,0.0,0.0,0.0,0.0
org.apache.hadoop.chukwa.datacollection.adaptor.jms.JMSTextMessageTransformer,0.0,0.0,0.0,0.0,0.0,0.0,0.0,0.0,0.0,0.0,0.0,0.0,0.0,0.0
org.apache.hadoop.chukwa.datacollection.adaptor.jms.TestJMSAdaptor,0.0,0.0,0.0,0.0,0.0,0.0,0.0,0.0,0.0,0.0,0.0,0.0,0.0,0.0
org.apache.hadoop.chukwa.datacollection.adaptor.jms.TestJMSMessagePropertyTransformer,0.0,0.0,0.0,0.0,0.0,0.0,0.0,0.0,0.0,0.0,0.0,0.0,0.0,0.0
org.apache.hadoop.chukwa.datacollection.agent.AdaptorFactory,1.0,0.0,0.0,0.0,0.0,0.0,0.0,1.0,0.0,0.0,0.0,0.0,0.0,1.0
org.apache.hadoop.chukwa.datacollection.agent.MemLimitQueue,0.0,0.0,1.0,0.0,0.0,0.0,0.0,0.0,0.0,0.0,0.0,0.0,0.0,1.0
org.apache.hadoop.chukwa.datacollection.agent.TestAgent,0.0,0.0,0.0,0.0,0.0,0.0,0.0,0.0,0.0,0.0,0.0,0.0,0.0,0.0
org.apache.hadoop.chukwa.datacollection.agent.TestAgentConfig,0.0,0.0,0.0,0.0,0.0,0.0,0.0,0.0,0.0,0.0,0.0,0.0,0.0,0.0
org.apache.hadoop.chukwa.datacollection.agent.TestCmd,0.0,0.0,0.0,0.0,0.0,0.0,0.0,0.0,0.0,0.0,0.0,0.0,0.0,0.0
org.apache.hadoop.chukwa.datacollection.agent.WaitingQueue,0.0,0.0,0.0,0.0,0.0,0.0,0.0,0.0,0.0,0.0,0.0,0.0,0.0,0.0
org.apache.hadoop.chukwa.datacollection.agent.metrics.AgentActivityMBean,0.0,0.0,1.0,0.0,0.0,0.0,0.0,0.0,0.0,0.0,0.0,0.0,0.0,1.0
org.apache.hadoop.chukwa.datacollection.agent.metrics.AgentMetrics,0.0,0.0,0.0,0.0,0.0,0.0,0.0,0.0,0.0,0.0,0.0,0.0,0.0,0.0
org.apache.hadoop.chukwa.datacollection.agent.metrics.ChunkQueueActivityMBean,0.0,0.0,1.0,0.0,0.0,0.0,0.0,0.0,0.0,0.0,0.0,0.0,0.0,1.0
org.apache.hadoop.chukwa.datacollection.agent.metrics.ChunkQueueMetrics,0.5,0.0,0.0,0.0,0.0,0.0,0.0,0.0,0.0,0.0,0.0,0.0,0.0,0.5
org.apache.hadoop.chukwa.datacollection.agent.rest.TestAdaptorController,0.0,0.0,0.0,0.0,0.0,0.0,0.0,0.0,0.0,0.0,0.0,0.0,0.0,0.0
org.apache.hadoop.chukwa.datacollection.collector.CaptureWriter,0.0,0.0,0.0,0.0,0.0,0.0,0.0,0.0,0.0,0.0,0.0,0.0,0.0,0.0
org.apache.hadoop.chukwa.datacollection.collector.TestAdaptorTimeout,0.5,0.0,0.0,0.5,0.0,0.0,0.0,0.0,0.0,0.0,0.0,0.0,0.0,0.5
org.apache.hadoop.chukwa.datacollection.collector.TestBackpressure,1.0,0.0,0.0,1.0,0.0,0.0,0.0,0.0,0.0,0.0,0.0,0.0,0.0,1.0
org.apache.hadoop.chukwa.datacollection.collector.TestCollector,1.0,0.0,0.0,1.0,0.0,0.0,0.0,0.0,0.0,0.0,0.0,0.0,0.0,1.0
org.apache.hadoop.chukwa.datacollection.collector.TestFailedCollectorAck,0.6666666666666666,0.0,0.0,0.6666666666666666,0.0,0.0,0.0,0.0,0.0,0.0,0.0,0.0,0.0,1.0
org.apache.hadoop.chukwa.datacollection.connector.ChunkCatcherConnector,0.3333333333333333,0.0,0.0,0.0,0.0,0.0,0.0,0.0,0.0,0.0,0.0,0.0,0.0,0.3333333333333333
org.apache.hadoop.chukwa.datacollection.connector.Connector,0.0,0.0,0.0,0.0,0.0,0.0,0.0,0.0,0.0,0.0,0.0,0.0,0.0,0.0
org.apache.hadoop.chukwa.datacollection.connector.TestFailedCollector,0.5,0.0,0.0,0.5,0.0,0.0,0.0,0.0,0.0,0.0,0.0,0.0,0.0,0.5
org.apache.hadoop.chukwa.datacollection.connector.http.HttpConnector,0.42857142857142855,0.0,0.0,0.14285714285714285,0.0,0.0,0.0,0.0,0.0,0.0,0.0,0.0,0.0,0.42857142857142855
org.apache.hadoop.chukwa.datacollection.controller.ClientFinalizer,1.0,0.0,0.0,0.0,0.0,0.0,0.0,0.0,0.0,0.0,0.0,0.0,0.0,1.0
org.apache.hadoop.chukwa.datacollection.sender.ChukwaHttpSender,0.25,0.0,0.25,0.25,0.0,0.0,0.0,0.0,0.0,0.0,0.0,0.0,0.0,0.5
org.apache.hadoop.chukwa.datacollection.sender.ChukwaSender,0.0,0.0,0.0,0.0,0.0,0.0,0.0,0.0,0.0,0.0,0.0,0.0,0.0,0.0
org.apache.hadoop.chukwa.datacollection.sender.TestAcksOnFailure,1.0,0.0,0.0,1.0,0.0,0.0,0.0,0.0,0.0,0.0,0.0,0.0,0.0,1.0
org.apache.hadoop.chukwa.datacollection.sender.TestRetryListOfCollectors,0.0,0.0,0.0,0.0,0.0,0.0,0.0,0.0,0.0,0.0,0.0,0.0,0.0,0.0
org.apache.hadoop.chukwa.datacollection.sender.metrics.HttpSenderActivityMBean,0.0,0.0,1.0,0.0,0.0,0.0,0.0,0.0,0.0,0.0,0.0,0.0,0.0,1.0
org.apache.hadoop.chukwa.datacollection.sender.metrics.HttpSenderMetrics,0.5,0.0,0.0,0.5,0.0,0.0,0.0,0.0,0.0,0.0,0.0,0.0,0.0,0.5
org.apache.hadoop.chukwa.datacollection.test.ConsoleOutConnector,0.0,0.0,0.0,0.0,0.0,0.0,0.0,0.0,0.0,0.0,0.0,0.0,0.0,0.0
org.apache.hadoop.chukwa.datacollection.test.FilePerPostWriter,0.0,0.0,0.0,1.0,0.0,0.0,0.0,0.0,0.0,0.0,0.0,0.0,0.0,1.0
org.apache.hadoop.chukwa.datacollection.test.FileTailerStressTest,0.5,0.0,0.0,0.5,0.0,0.0,0.0,0.0,0.0,0.0,0.0,0.0,0.0,0.5
org.apache.hadoop.chukwa.datacollection.test.SinkFileValidator,0.0,0.0,0.0,1.0,0.0,0.0,0.0,0.0,0.0,0.0,0.0,0.0,0.0,1.0
org.apache.hadoop.chukwa.datacollection.writer.ChukwaWriter,0.0,0.0,0.0,0.0,0.0,0.0,0.0,0.0,0.0,0.0,0.0,0.0,0.0,0.0
org.apache.hadoop.chukwa.datacollection.writer.ClientAck,0.0,0.0,0.0,0.0,0.0,0.0,0.0,0.0,0.0,0.0,0.0,0.0,0.0,0.0
org.apache.hadoop.chukwa.datacollection.writer.ConsoleWriter,1.0,0.0,0.0,0.0,0.0,0.0,0.0,0.0,0.0,0.0,0.0,0.0,0.0,1.0
org.apache.hadoop.chukwa.datacollection.writer.Dedup,0.0,0.0,0.0,0.0,0.0,0.0,0.0,0.0,0.0,0.0,0.0,0.0,0.0,0.0
org.apache.hadoop.chukwa.datacollection.writer.ExtractorWriter,0.0,0.0,0.0,0.0,0.0,0.0,0.0,0.0,0.0,0.0,0.0,0.0,0.0,0.0
org.apache.hadoop.chukwa.datacollection.writer.InMemoryWriter,0.0,0.0,0.0,0.0,0.0,0.0,0.0,0.0,0.0,0.0,0.0,0.0,0.0,0.0
org.apache.hadoop.chukwa.datacollection.writer.NullWriter,0.0,0.0,0.0,0.0,0.0,0.0,0.0,0.0,0.0,0.0,0.0,0.0,0.0,0.0
org.apache.hadoop.chukwa.datacollection.writer.PipelineStageWriter,0.0,0.0,0.0,0.0,0.0,0.0,0.0,0.0,0.0,0.0,0.0,0.0,0.0,0.0
org.apache.hadoop.chukwa.datacollection.writer.PipelineableWriter,0.3333333333333333,0.0,0.3333333333333333,0.0,0.0,0.0,0.0,0.0,0.0,0.0,0.0,0.0,0.0,0.3333333333333333
org.apache.hadoop.chukwa.datacollection.writer.TestClientAck,1.0,0.0,0.0,0.0,0.0,0.0,0.0,0.0,0.0,0.0,0.0,0.0,0.0,1.0
org.apache.hadoop.chukwa.datacollection.writer.TestHBaseWriter,0.0,0.0,0.0,0.0,0.0,0.0,0.0,0.0,0.0,0.0,0.0,0.0,0.0,0.0
org.apache.hadoop.chukwa.datacollection.writer.TestSocketTee,0.0,0.0,0.0,0.0,0.0,0.0,0.0,0.0,0.0,0.0,0.0,0.0,0.0,0.0
org.apache.hadoop.chukwa.datacollection.writer.WriterException,0.0,0.0,0.0,0.0,0.0,0.0,0.0,0.0,0.0,0.0,0.0,0.0,0.0,0.0
org.apache.hadoop.chukwa.datacollection.writer.hbase.Annotation,0.0,0.0,0.0,0.0,0.0,0.0,0.0,0.0,0.0,0.0,0.0,0.0,0.0,0.0
org.apache.hadoop.chukwa.datacollection.writer.hbase.Reporter,0.0,0.0,0.0,0.0,0.0,0.0,0.0,0.0,0.0,0.0,0.0,0.0,0.0,0.0
org.apache.hadoop.chukwa.datacollection.writer.test.demux.TextParser,0.5,0.0,0.0,1.0,0.0,0.0,0.0,0.0,0.0,0.0,0.0,0.0,0.0,1.0
org.apache.hadoop.chukwa.dataloader.DataLoaderFactory,0.0,0.0,0.0,0.0,0.0,0.0,0.0,0.0,0.0,0.0,0.0,0.0,0.0,0.0
org.apache.hadoop.chukwa.dataloader.FSMDataLoader,0.5,0.0,0.0,0.0,0.0,0.0,0.0,0.0,0.0,0.0,0.0,0.0,0.0,0.5
org.apache.hadoop.chukwa.dataloader.MetricDataLoaderPool,0.5,0.0,0.0,0.0,0.0,0.0,0.0,0.0,0.0,0.0,0.0,0.0,0.0,0.5
org.apache.hadoop.chukwa.dataloader.TestSocketDataLoader,0.0,0.0,0.0,0.0,0.0,0.0,0.0,0.0,0.0,0.0,0.0,0.0,0.0,0.0
org.apache.hadoop.chukwa.datatrigger.TriggerAction,0.0,0.0,0.0,0.0,0.0,0.0,0.0,0.0,0.0,0.0,0.0,0.0,0.0,0.0
org.apache.hadoop.chukwa.extraction.CHUKWA_CONSTANT,0.0,0.0,0.0,0.0,0.0,0.0,0.0,0.0,0.0,0.0,0.0,0.0,0.0,0.0
org.apache.hadoop.chukwa.extraction.archive.ChukwaArchiveBuilder,0.0,0.0,0.0,0.0,0.0,0.0,0.0,0.0,0.0,0.0,0.0,0.0,0.0,0.0
org.apache.hadoop.chukwa.extraction.archive.ChukwaArchiveDailyOutputFormat,0.0,0.0,0.0,1.0,0.0,0.0,0.0,0.0,0.0,0.0,0.0,0.0,0.0,1.0
org.apache.hadoop.chukwa.extraction.archive.ChukwaArchiveDailyPartitioner,0.0,0.0,0.0,1.0,0.0,0.0,0.0,0.0,0.0,0.0,0.0,0.0,0.0,1.0
org.apache.hadoop.chukwa.extraction.archive.ChukwaArchiveDataTypeOutputFormat,0.0,0.0,0.0,1.0,0.0,0.0,0.0,0.0,0.0,0.0,0.0,0.0,0.0,1.0
org.apache.hadoop.chukwa.extraction.archive.ChukwaArchiveDataTypePartitioner,0.0,0.0,0.0,1.0,0.0,0.0,0.0,0.0,0.0,0.0,0.0,0.0,0.0,1.0
org.apache.hadoop.chukwa.extraction.archive.ChukwaArchiveHourlyOutputFormat,0.0,0.0,0.0,1.0,0.0,0.0,0.0,0.0,0.0,0.0,0.0,0.0,0.0,1.0
org.apache.hadoop.chukwa.extraction.archive.ChukwaArchiveHourlyPartitioner,0.0,0.0,0.0,1.0,0.0,0.0,0.0,0.0,0.0,0.0,0.0,0.0,0.0,1.0
org.apache.hadoop.chukwa.extraction.archive.ChukwaArchiveManager,0.0,0.0,0.0,0.0,0.0,0.0,0.0,0.0,0.0,0.0,0.0,0.0,0.0,0.0
org.apache.hadoop.chukwa.extraction.archive.ChukwaArchiveStreamNameOutputFormat,0.0,0.0,0.0,0.0,0.0,0.0,0.0,0.0,0.0,0.0,0.0,0.0,0.0,0.0
org.apache.hadoop.chukwa.extraction.archive.ChukwaArchiveStreamNamePartitioner,0.0,0.0,0.0,1.0,0.0,0.0,0.0,0.0,0.0,0.0,0.0,0.0,0.0,1.0
org.apache.hadoop.chukwa.extraction.archive.SinkArchiver,0.0,0.0,0.0,0.0,0.0,0.0,0.0,0.0,0.0,0.0,0.0,0.0,0.0,0.0
org.apache.hadoop.chukwa.extraction.archive.TestArchive,0.5,0.0,0.0,0.0,0.0,0.0,0.0,0.0,0.0,0.0,0.0,0.0,0.0,0.5
org.apache.hadoop.chukwa.extraction.demux.ChukwaRecordOutputFormat,0.5,0.0,0.0,0.5,0.0,0.0,0.0,0.0,0.0,0.0,0.0,0.0,0.0,1.0
org.apache.hadoop.chukwa.extraction.demux.ChukwaRecordPartitioner,0.0,0.0,0.0,1.0,0.0,0.0,0.0,0.0,0.0,0.0,0.0,0.0,0.0,1.0
org.apache.hadoop.chukwa.extraction.demux.DailyChukwaRecordRolling,0.3333333333333333,0.0,0.0,0.0,0.0,0.0,0.0,0.3333333333333333,0.0,0.0,0.0,0.0,0.0,0.3333333333333333
org.apache.hadoop.chukwa.extraction.demux.Demux,0.5,0.0,0.0,0.5,0.0,0.0,0.0,0.5,0.0,0.0,0.0,0.0,0.0,0.5
org.apache.hadoop.chukwa.extraction.demux.DemuxManager,0.5,0.0,0.25,0.0,0.0,0.0,0.0,0.25,0.0,0.0,0.0,0.0,0.0,0.5
org.apache.hadoop.chukwa.extraction.demux.DoMerge,1.0,0.0,0.0,0.0,0.0,0.0,0.0,0.0,0.0,0.0,0.0,0.0,0.0,1.0
org.apache.hadoop.chukwa.extraction.demux.EventFileFilter,0.0,0.0,0.0,0.0,0.0,0.0,0.0,0.0,0.0,0.0,0.0,0.0,0.0,0.0
org.apache.hadoop.chukwa.extraction.demux.HourlyChukwaRecordRolling,0.5,0.0,0.0,0.0,0.0,0.0,0.0,0.5,0.0,0.0,0.0,0.0,0.0,0.5
org.apache.hadoop.chukwa.extraction.demux.MockTriggerAction,0.0,0.0,0.0,0.0,0.0,0.0,0.0,0.0,0.0,0.0,0.0,0.0,0.0,0.0
org.apache.hadoop.chukwa.extraction.demux.MoveOrMergeRecordFile,0.0,0.0,0.0,0.0,0.0,0.0,0.0,1.0,0.0,0.0,0.0,0.0,0.0,1.0
org.apache.hadoop.chukwa.extraction.demux.MoveToRepository,0.0,0.0,0.0,0.0,0.0,0.0,0.0,0.0,0.0,0.0,0.0,0.0,0.0,0.0
org.apache.hadoop.chukwa.extraction.demux.RecordMerger,0.6666666666666666,0.0,0.0,0.0,0.0,0.0,0.0,0.3333333333333333,0.0,0.0,0.0,0.0,0.0,0.6666666666666666
org.apache.hadoop.chukwa.extraction.demux.TaggerPlugin,0.0,0.0,0.0,0.0,0.0,0.0,0.0,0.0,0.0,0.0,0.0,0.0,0.0,0.0
org.apache.hadoop.chukwa.extraction.demux.TestDemux,0.0,0.0,0.0,1.0,0.0,0.0,0.0,0.0,0.0,0.0,0.0,0.0,0.0,1.0
org.apache.hadoop.chukwa.extraction.demux.TestDemuxManager,1.0,0.0,0.0,1.0,0.0,0.0,0.0,1.0,0.0,0.0,0.0,0.0,0.0,1.0
org.apache.hadoop.chukwa.extraction.demux.TestDemuxMapperConfigs,0.0,0.0,0.0,0.6666666666666666,0.0,0.0,0.0,0.0,0.0,0.0,0.0,0.0,0.0,0.6666666666666666
org.apache.hadoop.chukwa.extraction.demux.TestDemuxReducerConfigs,0.0,0.0,0.0,1.0,0.0,0.0,0.0,0.0,0.0,0.0,0.0,0.0,0.0,1.0
org.apache.hadoop.chukwa.extraction.demux.TestPostDemuxTrigger,0.0,0.0,0.0,0.0,0.0,0.0,0.0,0.0,0.0,0.0,0.0,0.0,0.0,0.0
org.apache.hadoop.chukwa.extraction.demux.processor.ChukwaOutputCollector,0.0,0.0,0.0,1.0,0.0,0.0,0.0,0.0,0.0,0.0,0.0,0.0,0.0,1.0
org.apache.hadoop.chukwa.extraction.demux.processor.Util,1.0,0.0,0.0,0.0,0.0,0.0,0.0,0.0,0.0,0.0,0.0,0.0,0.0,1.0
org.apache.hadoop.chukwa.extraction.demux.processor.mapper.AbstractProcessor,0.5882352941176471,0.0,0.0,0.11764705882352941,0.0,0.0,0.0,0.0,0.0,0.0,0.0,0.0,0.0,0.7058823529411765
org.apache.hadoop.chukwa.extraction.demux.processor.mapper.ChukwaMetricsProcessor,0.0,0.0,0.0,0.0,0.0,0.0,0.0,0.0,0.0,0.0,0.0,0.0,0.0,0.0
org.apache.hadoop.chukwa.extraction.demux.processor.mapper.ChunkProcessor,0.0,0.0,0.0,0.0,0.0,0.0,0.0,0.0,0.0,0.0,0.0,0.0,0.0,0.0
org.apache.hadoop.chukwa.extraction.demux.processor.mapper.ChunkSaver,0.3333333333333333,0.0,0.0,0.6666666666666666,0.0,0.0,0.0,0.0,0.0,0.0,0.0,0.0,0.0,0.6666666666666666
org.apache.hadoop.chukwa.extraction.demux.processor.mapper.DFInvalidRecord,1.0,0.0,0.0,0.0,0.0,0.0,0.0,0.0,0.0,0.0,0.0,0.0,0.0,1.0
org.apache.hadoop.chukwa.extraction.demux.processor.mapper.DebugOutputProcessor,0.5,0.0,0.0,1.0,0.0,0.0,0.0,0.0,0.0,0.0,0.0,0.0,0.0,1.0
org.apache.hadoop.chukwa.extraction.demux.processor.mapper.DefaultProcessor,0.5,0.0,0.0,1.0,0.0,0.0,0.0,0.0,0.0,0.0,0.0,0.0,0.0,1.0
org.apache.hadoop.chukwa.extraction.demux.processor.mapper.Df,0.3333333333333333,0.0,0.0,0.6666666666666666,0.0,0.0,0.0,0.0,0.0,0.0,0.0,0.0,0.0,0.6666666666666666
org.apache.hadoop.chukwa.extraction.demux.processor.mapper.DuplicateProcessorException,0.0,0.0,0.0,0.0,0.0,0.0,0.0,0.0,0.0,0.0,0.0,0.0,0.0,0.0
org.apache.hadoop.chukwa.extraction.demux.processor.mapper.HadoopLogProcessor,0.5,0.0,0.0,0.5,0.0,0.0,0.0,0.0,0.0,0.0,0.0,0.0,0.0,0.5
org.apache.hadoop.chukwa.extraction.demux.processor.mapper.JobSummary,0.5,0.0,0.0,1.0,0.0,0.0,0.0,0.0,0.0,0.0,0.0,0.0,0.0,1.0
org.apache.hadoop.chukwa.extraction.demux.processor.mapper.Log4JMetricsContextProcessor,1.0,0.0,0.0,1.0,0.0,0.0,0.0,0.0,0.0,0.0,0.0,0.0,0.0,1.0
org.apache.hadoop.chukwa.extraction.demux.processor.mapper.LogEntry,0.0,0.0,0.0,0.0,0.0,0.0,0.0,0.0,0.0,0.0,0.0,0.0,0.0,0.0
org.apache.hadoop.chukwa.extraction.demux.processor.mapper.MapProcessor,0.0,0.0,0.0,0.0,0.0,0.0,0.0,0.0,0.0,0.0,0.0,0.0,0.0,0.0
org.apache.hadoop.chukwa.extraction.demux.processor.mapper.MockMapProcessor,0.5,0.0,0.0,1.0,0.0,0.0,0.0,0.0,0.0,0.0,0.0,0.0,0.0,1.0
org.apache.hadoop.chukwa.extraction.demux.processor.mapper.PbsInvalidEntry,0.0,0.0,0.0,0.0,0.0,0.0,0.0,0.0,0.0,0.0,0.0,0.0,0.0,0.0
org.apache.hadoop.chukwa.extraction.demux.processor.mapper.SysLog,1.0,0.0,0.0,1.0,0.0,0.0,0.0,0.0,0.0,0.0,0.0,0.0,0.0,1.0
org.apache.hadoop.chukwa.extraction.demux.processor.mapper.SystemMetrics,1.0,0.0,0.0,1.0,0.0,0.0,0.0,0.0,0.0,0.0,0.0,0.0,0.0,1.0
org.apache.hadoop.chukwa.extraction.demux.processor.mapper.TProcessor,1.0,0.0,0.0,1.0,0.0,0.0,0.0,0.0,0.0,0.0,0.0,0.0,0.0,1.0
org.apache.hadoop.chukwa.extraction.demux.processor.mapper.TestAbtractProcessor,0.3333333333333333,0.0,0.0,0.3333333333333333,0.0,0.0,0.0,0.0,0.0,0.0,0.0,0.0,0.0,0.3333333333333333
org.apache.hadoop.chukwa.extraction.demux.processor.mapper.TestHadoopLogProcessor,1.0,0.0,0.0,0.0,0.0,0.0,0.0,0.0,0.0,0.0,0.0,0.0,0.0,1.0
org.apache.hadoop.chukwa.extraction.demux.processor.mapper.TestLog4JMetricsContextChukwaRecord,0.0,0.0,0.0,0.0,0.0,0.0,0.0,0.0,0.0,0.0,0.0,0.0,0.0,0.0
org.apache.hadoop.chukwa.extraction.demux.processor.mapper.Torque,1.0,0.0,0.0,1.0,0.0,0.0,0.0,0.0,0.0,0.0,0.0,0.0,0.0,1.0
org.apache.hadoop.chukwa.extraction.demux.processor.mapper.UnknownRecordTypeException,0.0,0.0,0.0,0.0,0.0,0.0,0.0,0.0,0.0,0.0,0.0,0.0,0.0,0.0
org.apache.hadoop.chukwa.extraction.demux.processor.mapper.YwatchInvalidEntry,0.0,0.0,0.0,0.0,0.0,0.0,0.0,0.0,0.0,0.0,0.0,0.0,0.0,0.0
org.apache.hadoop.chukwa.extraction.demux.processor.reducer.ClientTrace,0.0,0.0,0.0,1.0,0.0,0.0,0.0,0.0,0.0,0.0,0.0,0.0,0.0,1.0
org.apache.hadoop.chukwa.extraction.demux.processor.reducer.DuplicateReduceProcessorException,0.0,0.0,0.0,0.0,0.0,0.0,0.0,0.0,0.0,0.0,0.0,0.0,0.0,0.0
org.apache.hadoop.chukwa.extraction.demux.processor.reducer.IdentityReducer,0.0,0.0,0.0,1.0,0.0,0.0,0.0,0.0,0.0,0.0,0.0,0.0,0.0,1.0
org.apache.hadoop.chukwa.extraction.demux.processor.reducer.JobLogHistoryReduceProcessor,0.0,0.0,0.0,1.0,0.0,0.0,0.0,0.0,0.0,0.0,0.0,0.0,0.0,1.0
org.apache.hadoop.chukwa.extraction.demux.processor.reducer.MockReduceProcessor,0.0,0.0,0.0,1.0,0.0,0.0,0.0,0.0,0.0,0.0,0.0,0.0,0.0,1.0
org.apache.hadoop.chukwa.extraction.demux.processor.reducer.ReduceProcessor,0.0,0.0,0.0,0.0,0.0,0.0,0.0,0.0,0.0,0.0,0.0,0.0,0.0,0.0
org.apache.hadoop.chukwa.extraction.demux.processor.reducer.SystemMetrics,0.0,0.0,0.0,1.0,0.0,0.0,0.0,0.0,0.0,0.0,0.0,0.0,0.0,1.0
org.apache.hadoop.chukwa.extraction.demux.processor.reducer.UnknownReduceTypeException,0.0,0.0,0.0,0.0,0.0,0.0,0.0,0.0,0.0,0.0,0.0,0.0,0.0,0.0
org.apache.hadoop.chukwa.extraction.engine.ChukwaRecordKey,0.625,0.0,0.125,0.041666666666666664,0.0,0.0,0.0,0.08333333333333333,0.0,0.0,0.0,0.0,0.0,0.6666666666666666
org.apache.hadoop.chukwa.extraction.engine.Record,0.0,0.0,0.0,0.0,0.0,0.0,0.0,0.0,0.0,0.0,0.0,0.0,0.0,0.0
org.apache.hadoop.chukwa.extraction.engine.SearchService,0.0,0.0,0.0,0.0,0.0,0.0,0.0,0.0,0.0,0.0,0.0,0.0,0.0,0.0
org.apache.hadoop.chukwa.extraction.engine.Token,0.0,0.0,0.0,0.0,0.0,0.0,0.0,0.0,0.0,0.0,0.0,0.0,0.0,0.0
org.apache.hadoop.chukwa.extraction.engine.datasource.DataSource,0.0,0.0,0.0,0.0,0.0,0.0,0.0,0.0,0.0,0.0,0.0,0.0,0.0,0.0
org.apache.hadoop.chukwa.extraction.engine.datasource.DataSourceException,0.0,0.0,0.0,0.0,0.0,0.0,0.0,0.0,0.0,0.0,0.0,0.0,0.0,0.0
org.apache.hadoop.chukwa.extraction.engine.datasource.DsDirectory,0.0,0.0,0.0,0.0,0.0,0.0,0.0,0.0,0.0,0.0,0.0,0.0,0.0,0.0
org.apache.hadoop.chukwa.extraction.engine.datasource.record.ChukwaDSInternalResult,0.0,0.0,0.0,1.0,0.0,0.0,0.0,0.0,0.0,0.0,0.0,0.0,0.0,1.0
org.apache.hadoop.chukwa.extraction.engine.datasource.record.ChukwaFileParser,0.0,0.0,0.0,0.0,0.0,0.0,0.0,0.0,0.0,0.0,0.0,0.0,0.0,0.0
org.apache.hadoop.chukwa.extraction.engine.datasource.record.ChukwaSequenceFileParser,0.0,0.0,0.0,1.0,0.0,0.0,0.0,0.0,0.0,0.0,0.0,0.0,0.0,1.0
org.apache.hadoop.chukwa.extraction.engine.datasource.record.MalformedFileFormat,0.0,0.0,0.0,0.0,0.0,0.0,0.0,0.0,0.0,0.0,0.0,0.0,0.0,0.0
org.apache.hadoop.chukwa.hicc.ColorPicker,0.0,0.0,0.0,0.0,0.0,0.0,0.0,0.0,0.0,0.0,0.0,0.0,0.0,0.0
org.apache.hadoop.chukwa.hicc.Config,0.0,0.0,0.0,0.0,0.0,0.0,0.0,0.0,0.0,0.0,0.0,0.0,0.0,0.0
org.apache.hadoop.chukwa.hicc.TimeHandler,0.0,0.0,0.0,0.0,0.0,0.0,0.0,1.0,0.0,0.0,0.0,0.0,0.0,1.0
org.apache.hadoop.chukwa.hicc.ViewsTag,0.0,0.0,0.0,0.0,0.0,0.0,0.0,0.0,0.0,0.0,0.0,0.0,0.0,0.0
org.apache.hadoop.chukwa.hicc.bean.Series,0.0,0.0,0.0,0.0,0.0,0.0,0.0,0.5,0.0,0.0,0.0,0.0,0.0,0.5
org.apache.hadoop.chukwa.hicc.rest.MetricsController,0.5,0.0,0.0,0.5,0.0,0.0,0.0,0.0,0.0,0.0,0.0,0.0,0.0,1.0
org.apache.hadoop.chukwa.inputtools.ChukwaInputFormat,0.0,0.0,0.0,0.0,0.0,0.0,0.0,0.0,0.0,0.0,0.0,0.0,0.0,0.0
org.apache.hadoop.chukwa.inputtools.hdfsusage.Employee,0.0,0.0,0.0,0.0,0.0,0.0,0.0,0.0,0.0,0.0,0.0,0.0,0.0,0.0
org.apache.hadoop.chukwa.inputtools.hdfsusage.HDFSUsageMetricsList,0.0,0.0,0.0,0.0,0.0,0.0,0.0,0.0,0.0,0.0,0.0,0.0,0.0,0.0
org.apache.hadoop.chukwa.inputtools.hdfsusage.HDFSUsagePlugin,0.0,0.0,0.0,0.0,0.0,0.0,0.0,0.0,0.0,0.0,0.0,0.0,0.0,0.0
org.apache.hadoop.chukwa.inputtools.hdfsusage.OrgChart,0.0,0.0,0.0,0.0,0.0,0.0,0.0,0.0,0.0,0.0,0.0,0.0,0.0,0.0
org.apache.hadoop.chukwa.inputtools.jplugin.JPlugin,0.0,0.0,0.0,0.0,0.0,0.0,0.0,0.0,0.0,0.0,0.0,0.0,0.0,0.0
org.apache.hadoop.chukwa.inputtools.jplugin.JPluginAgent,0.0,0.0,0.0,0.0,0.0,0.0,0.0,0.0,0.0,0.0,0.0,0.0,0.0,0.0
org.apache.hadoop.chukwa.inputtools.jplugin.JPluginStatusMetricsList,0.0,0.0,0.0,0.0,0.0,0.0,0.0,0.0,0.0,0.0,0.0,0.0,0.0,0.0
org.apache.hadoop.chukwa.inputtools.log4j.Log4jMetricsSink,0.0,0.0,0.0,0.0,0.0,0.0,0.0,0.0,0.0,0.0,0.0,0.0,0.0,0.0
org.apache.hadoop.chukwa.inputtools.log4j.TaskLogAppender,0.0,0.0,0.0,0.0,0.0,0.0,0.0,0.0,0.0,0.0,0.0,0.0,0.0,0.0
org.apache.hadoop.chukwa.inputtools.mdl.TorqueDataLoader,0.0,0.0,0.0,0.0,0.0,0.0,0.0,0.0,0.0,0.0,0.0,0.0,0.0,0.0
org.apache.hadoop.chukwa.inputtools.mdl.TorqueTimerTask,0.0,0.0,0.0,0.0,0.0,0.0,0.0,0.0,0.0,0.0,0.0,0.0,0.0,0.0
org.apache.hadoop.chukwa.inputtools.plugin.IPlugin,0.0,0.0,0.0,0.0,0.0,0.0,0.0,0.0,0.0,0.0,0.0,0.0,0.0,0.0
org.apache.hadoop.chukwa.inputtools.plugin.nodeactivity.NodeActivityPlugin,0.0,0.0,0.0,0.0,0.0,0.0,0.0,0.0,0.0,0.0,0.0,0.0,0.0,0.0
org.apache.hadoop.chukwa.inputtools.plugin.pbsnode.PbsNodePlugin,0.0,0.0,0.0,0.0,0.0,0.0,0.0,0.0,0.0,0.0,0.0,0.0,0.0,0.0
org.apache.hadoop.chukwa.rest.bean.CatalogBean,0.0,0.0,0.0,1.0,0.0,0.0,0.0,0.0,0.0,0.0,0.0,0.0,0.0,1.0
org.apache.hadoop.chukwa.rest.bean.CategoryBean,0.0,0.0,0.0,0.0,0.0,0.0,0.0,0.0,0.0,0.0,0.0,0.0,0.0,0.0
org.apache.hadoop.chukwa.rest.bean.ClientTraceBean,0.0,0.0,0.0,0.0,0.0,0.0,0.0,0.0,0.0,0.0,0.0,0.0,0.0,0.0
org.apache.hadoop.chukwa.rest.bean.ColumnBean,0.0,0.0,0.0,0.3333333333333333,0.0,0.0,0.0,0.0,0.0,0.0,0.0,0.0,0.0,0.3333333333333333
org.apache.hadoop.chukwa.rest.bean.ConfigBean,0.0,0.0,0.0,0.0,0.0,0.0,0.0,0.0,0.0,0.0,0.0,0.0,0.0,0.0
org.apache.hadoop.chukwa.rest.bean.OptionBean,0.0,0.0,0.0,0.5,0.0,0.0,0.0,0.0,0.0,0.0,0.0,0.0,0.0,0.5
org.apache.hadoop.chukwa.rest.bean.PagesBean,0.0,0.0,0.0,0.3333333333333333,0.0,0.0,0.0,0.0,0.0,0.0,0.0,0.0,0.0,0.3333333333333333
org.apache.hadoop.chukwa.rest.bean.ParametersBean,0.0,0.0,0.0,0.3333333333333333,0.0,0.0,0.0,0.0,0.0,0.0,0.0,0.0,0.0,0.3333333333333333
org.apache.hadoop.chukwa.rest.bean.ReturnCodeBean,0.0,0.0,0.0,0.0,0.0,0.0,0.0,0.0,0.0,0.0,0.0,0.0,0.0,0.0
org.apache.hadoop.chukwa.rest.bean.UserBean,0.0,0.0,0.0,0.0,0.0,0.0,0.0,0.0,0.0,0.0,0.0,0.0,0.0,0.0
org.apache.hadoop.chukwa.rest.bean.ViewBean,0.0,0.0,0.0,0.0,0.0,0.0,0.0,0.0,0.0,0.0,0.0,0.0,0.0,0.0
org.apache.hadoop.chukwa.rest.bean.WidgetBean,0.0,0.0,0.0,0.2,0.0,0.0,0.0,0.0,0.0,0.0,0.0,0.0,0.0,0.2
org.apache.hadoop.chukwa.rest.resource.SetupTestEnv,0.0,0.0,0.0,0.0,0.0,0.0,0.0,0.0,0.0,0.0,0.0,0.0,0.0,0.0
org.apache.hadoop.chukwa.rest.resource.TestClientTrace,0.2,0.0,0.2,0.0,0.0,0.0,0.0,0.0,0.0,0.0,0.0,0.0,0.0,0.2
org.apache.hadoop.chukwa.rest.resource.TestUserResource,0.25,0.0,0.25,0.0,0.0,0.0,0.0,0.0,0.0,0.0,0.0,0.0,0.0,0.25
org.apache.hadoop.chukwa.rest.resource.TestViewResource,0.3333333333333333,0.0,0.3333333333333333,0.3333333333333333,0.0,0.0,0.0,0.0,0.0,0.0,0.0,0.0,0.0,0.6666666666666666
org.apache.hadoop.chukwa.rest.resource.TestWidgetResource,0.3333333333333333,0.0,0.3333333333333333,0.3333333333333333,0.0,0.0,0.0,0.0,0.0,0.0,0.0,0.0,0.0,0.6666666666666666
org.apache.hadoop.chukwa.rest.resource.UserResource,0.0,0.0,0.0,0.0,0.0,0.0,0.0,0.0,0.0,0.0,0.0,0.0,0.0,0.0
org.apache.hadoop.chukwa.rest.resource.ViewResource,0.0,0.0,0.0,0.3333333333333333,0.0,0.0,0.0,0.0,0.0,0.0,0.0,0.0,0.0,0.3333333333333333
org.apache.hadoop.chukwa.tools.PigMover,0.0,0.0,0.0,0.0,0.0,0.0,0.0,0.0,0.0,0.0,0.0,0.0,0.0,0.0
org.apache.hadoop.chukwa.tools.backfilling.BackfillingLoader,0.6666666666666666,0.0,0.0,0.0,0.0,0.0,0.0,0.3333333333333333,0.0,0.0,0.0,0.0,0.0,1.0
org.apache.hadoop.chukwa.tools.backfilling.QueueToWriterConnector,0.5,0.0,0.0,0.0,0.0,0.0,0.0,0.5,0.0,0.0,0.0,0.0,0.0,0.5
org.apache.hadoop.chukwa.tools.backfilling.TestBackfillingLoader,0.3333333333333333,0.0,0.0,0.3333333333333333,0.0,0.0,0.0,0.3333333333333333,0.0,0.0,0.0,0.0,0.0,0.6666666666666666
org.apache.hadoop.chukwa.util.CopySequenceFile,0.0,0.0,0.0,1.0,0.0,0.0,0.0,0.0,0.0,0.0,0.0,0.0,0.0,1.0
org.apache.hadoop.chukwa.util.DaemonWatcher,0.8571428571428571,0.0,0.0,0.2857142857142857,0.0,0.0,0.0,0.2857142857142857,0.0,0.0,0.0,0.0,0.0,0.8571428571428571
org.apache.hadoop.chukwa.util.DatabaseWriter,0.0,0.0,0.0,0.0,0.0,0.0,0.0,0.0,0.0,0.0,0.0,0.0,0.0,0.0
org.apache.hadoop.chukwa.util.DriverManagerUtilTest,0.0,0.0,0.0,0.0,0.0,0.0,0.0,0.0,0.0,0.0,0.0,0.0,0.0,0.0
org.apache.hadoop.chukwa.util.DumpRecord,0.0,0.0,0.0,1.0,0.0,0.0,0.0,0.0,0.0,0.0,0.0,0.0,0.0,1.0
org.apache.hadoop.chukwa.util.ExceptionUtil,0.25,0.0,0.07142857142857142,0.14285714285714285,0.0,0.0,0.0,0.03571428571428571,0.0,0.0,0.0,0.0,0.0,0.35714285714285715
org.apache.hadoop.chukwa.util.GenerateTestFile,0.0,0.0,0.0,1.0,0.0,0.0,0.0,0.0,0.0,0.0,0.0,0.0,0.0,1.0
org.apache.hadoop.chukwa.util.MaxRateSender,0.0,0.0,0.0,0.0,0.0,0.0,0.0,0.0,0.0,0.0,0.0,0.0,0.0,0.0
org.apache.hadoop.chukwa.util.NagiosHelper,1.0,0.0,0.0,1.0,0.0,0.0,0.0,1.0,0.0,0.0,0.0,0.0,0.0,1.0
org.apache.hadoop.chukwa.util.RecordConstants,0.5,0.0,0.0,0.25,0.0,0.0,0.0,0.0,0.0,0.0,0.0,0.0,0.0,0.5
org.apache.hadoop.chukwa.util.TempFileUtil,0.2,0.0,0.0,0.2,0.0,0.0,0.0,0.0,0.0,0.0,0.0,0.0,0.0,0.4
org.apache.hadoop.chukwa.util.TestCRValidator,0.0,0.0,0.0,0.5,0.0,0.0,0.0,0.0,0.0,0.0,0.0,0.0,0.0,0.5
org.apache.hadoop.chukwa.util.TestDumpChunks,0.0,0.0,0.0,1.0,0.0,0.0,0.0,0.0,0.0,0.0,0.0,0.0,0.0,1.0
org.apache.hadoop.chukwa.util.TestFilter,0.0,0.0,0.0,0.0,0.0,0.0,0.0,0.0,0.0,0.0,0.0,0.0,0.0,0.0
org.apache.hadoop.chukwa.util.TestRecordConsts,0.0,0.0,0.0,0.0,0.0,0.0,0.0,0.0,0.0,0.0,0.0,0.0,0.0,0.0
org.apache.hadoop.chukwa.util.TestXSSFilter,0.0,0.0,0.0,0.0,0.0,0.0,0.0,0.0,0.0,0.0,0.0,0.0,0.0,0.0
org.apache.hadoop.chukwa.validationframework.DemuxDirectoryValidator,1.0,0.0,0.0,0.0,0.0,0.0,0.0,0.0,0.0,0.0,0.0,0.0,0.0,1.0
org.apache.hadoop.chukwa.validationframework.interceptor.ChunkQueueInterceptor,0.0,0.0,0.0,0.0,0.0,0.0,0.0,0.0,0.0,0.0,0.0,0.0,0.0,0.0
org.apache.hadoop.chukwa.validationframework.interceptor.SetupTestClasses,0.0,0.0,0.0,0.0,0.0,0.0,0.0,0.0,0.0,0.0,0.0,0.0,0.0,0.0
org.apache.hadoop.chukwa.validationframework.util.DataOperations,0.25,0.0,0.0,0.5,0.0,0.0,0.0,0.0,0.0,0.0,0.0,0.0,0.0,0.75
org.apache.hadoop.chukwa.validationframework.util.MD5,0.5,0.0,0.0,0.0,0.0,0.0,0.0,0.5,0.0,0.0,0.0,0.0,0.0,1.0
,0.0,0.0,0.0,0.0,0.0,0.0,0.0,0.0,0.0,0.0,0.0,0.0,0.0,0.0
